<?xml version="1.0" encoding="UTF-8"?>
<!DOCTYPE properties SYSTEM "http://java.sun.com/dtd/properties.dtd">
<properties>
    <entry key="assignment">Programming Assignment 3</entry>
    <entry key="lastName">Hoff</entry>
    <entry key="firstName">Placido</entry>
    <entry key="student.id">94156499</entry>
    <entry key="email">pmhoff@my.ccri.edu</entry>
    <entry key="date">2024-03-08</entry>    
    <entry key="comments">Java property files are pretty cool indeed.</entry>    
</properties>